cpf;telefones
701.815.694-77;19-89701-0016
701.815.694-77;19-78456-5318
409.163.286-60;19-50991-3548
409.163.286-60;19-16253-8452
757.816.660-36;19-45874-5968
981.894.943-92;19-28648-5271
981.894.943-92;19-26672-4185
073.202.759-45;19-84122-0639
629.680.888-74;19-28291-6501
629.680.888-74;19-23494-6842
893.076.453-37;19-46951-3418
893.076.453-37;19-09537-6465
158.660.877-07;19-24690-8674
962.178.727-06;19-94079-7258
597.955.221-91;19-23216-8260
395.005.819-22;19-79315-4887
395.005.819-22;19-28587-1095
286.150.469-21;19-13412-6152
891.575.889-70;19-82981-7263
746.115.849-09;19-33407-0093
900.206.435-78;19-86764-0889
900.206.435-78;19-39919-7731
191.921.293-07;19-12588-7461
857.950.358-23;19-10324-0937
857.950.358-23;19-44573-3988
860.466.368-17;19-32444-1362
860.466.368-17;19-08110-5774
037.679.092-00;19-96751-8859
037.679.092-00;19-39198-5856
485.522.339-59;19-90594-5718
485.522.339-59;19-76807-0938
288.667.376-58;19-03869-4839
288.667.376-58;19-58666-9650
330.594.014-03;19-27738-5617
330.594.014-03;19-54009-4224
842.022.641-69;19-14211-9705
938.014.315-09;19-18249-9515
311.756.371-73;19-22684-1551
311.756.371-73;19-78753-3832
300.766.852-25;19-92915-9892
645.329.387-08;19-79175-5657
570.776.506-93;19-46525-2369
570.776.506-93;19-27087-4317
763.952.560-84;19-82511-7779
162.262.067-48;19-60738-1866
694.235.242-06;19-18754-3884
694.235.242-06;19-49906-7976
787.327.017-30;19-41740-7966
574.746.905-35;19-73735-5913
574.746.905-35;19-00292-9177
618.874.220-05;19-98610-0734
618.874.220-05;19-08925-7163
782.603.942-86;19-86044-9337
782.603.942-86;19-77597-2120
